timestamp,ax,ay,az
2025-09-17T00:44:21,-0.097991943359375,-0.6552581787109375,-0.6194610595703125
2025-09-17T00:44:29,0.27734375,-0.6552581787109375,-0.6194610595703125
2025-09-17T00:44:30,0.27734375,-0.8281707763671875,-0.6194610595703125
2025-09-17T00:44:31,0.27734375,-0.8281707763671875,-0.0981292724609375
2025-09-17T00:44:32,0.0138397216796875,-0.8281707763671875,-0.0981292724609375
2025-09-17T00:44:33,0.0138397216796875,-0.8336639404296875,-0.0981292724609375
2025-09-17T00:44:34,0.0138397216796875,-0.8336639404296875,-0.52191162109375
2025-09-17T00:44:35,0.0135955810546875,-0.8336639404296875,-0.52191162109375
2025-09-17T00:44:36,0.0135955810546875,-0.8098297119140625,-0.52191162109375
2025-09-17T00:44:37,0.0135955810546875,-0.8098297119140625,-0.5797271728515625
2025-09-17T00:44:38,0.00830078125,-0.8098297119140625,-0.5797271728515625
2025-09-17T00:44:39,0.00830078125,-0.8112335205078125,-0.5797271728515625
2025-09-17T00:44:40,0.00830078125,-0.8112335205078125,-0.577972412109375
2025-09-17T00:44:41,0.015777587890625,-0.8112335205078125,-0.577972412109375
2025-09-17T00:44:42,0.015777587890625,-0.81683349609375,-0.577972412109375
2025-09-17T00:44:43,0.015777587890625,-0.81683349609375,-0.5696563720703125
2025-09-17T00:44:44,-0.0099334716796875,-0.81683349609375,-0.5696563720703125
2025-09-17T00:44:45,-0.0099334716796875,-0.885955810546875,-0.5696563720703125
2025-09-17T00:44:46,-0.0099334716796875,-0.885955810546875,-0.5673980712890625
2025-09-17T00:44:47,-0.3015594482421875,-0.885955810546875,-0.5673980712890625
2025-09-17T00:44:48,-0.3015594482421875,-0.0231781005859375,-0.5673980712890625
2025-09-17T00:44:49,-0.3015594482421875,-0.0231781005859375,-1.101348876953125
2025-09-17T00:44:50,-0.017425537109375,-0.0231781005859375,-1.101348876953125
2025-09-17T00:44:51,-0.017425537109375,-0.07806396484375,-1.101348876953125
2025-09-17T00:44:52,-0.017425537109375,-0.07806396484375,-0.9884185791015625
2025-09-17T00:44:53,-0.01715087890625,-0.07806396484375,-0.9884185791015625
2025-09-17T00:44:54,-0.01715087890625,-0.078582763671875,-0.9884185791015625
2025-09-17T00:44:55,-0.01715087890625,-0.078582763671875,-0.9910125732421875
2025-09-17T00:44:56,-0.017608642578125,-0.078582763671875,-0.9910125732421875
2025-09-17T00:44:57,-0.017608642578125,-0.079986572265625,-0.9910125732421875
2025-09-17T00:44:58,-0.017608642578125,-0.079986572265625,-0.993194580078125
2025-09-17T00:45:00,-0.01708984375,-0.079986572265625,-0.993194580078125
2025-09-17T00:45:01,-0.01708984375,-0.0779571533203125,-0.993194580078125
2025-09-17T00:45:02,-0.01708984375,-0.0779571533203125,-0.9917144775390625
2025-09-17T00:45:03,-0.0166473388671875,-0.0779571533203125,-0.9917144775390625
2025-09-17T00:45:04,-0.0166473388671875,-0.0785064697265625,-0.9917144775390625
2025-09-17T00:45:05,-0.0166473388671875,-0.0785064697265625,-0.9920654296875
2025-09-17T00:45:06,-0.0173797607421875,-0.0785064697265625,-0.9920654296875
2025-09-17T00:45:07,-0.0173797607421875,-0.0788421630859375,-0.9920654296875
2025-09-17T00:45:08,-0.0173797607421875,-0.0788421630859375,-0.991851806640625
2025-09-17T00:45:09,-0.01727294921875,-0.0788421630859375,-0.991851806640625
2025-09-17T00:45:10,-0.01727294921875,-0.0772705078125,-0.991851806640625
2025-09-17T00:45:11,-0.01727294921875,-0.0772705078125,-0.99298095703125
2025-09-17T00:45:12,-0.0169525146484375,-0.0772705078125,-0.99298095703125
2025-09-17T00:45:13,-0.0169525146484375,-0.0784912109375,-0.99298095703125
2025-09-17T00:45:14,-0.0169525146484375,-0.0784912109375,-0.9922332763671875
2025-09-17T00:45:15,-0.0174407958984375,-0.0784912109375,-0.9922332763671875
2025-09-17T00:45:16,-0.0174407958984375,-0.07830810546875,-0.9922332763671875
2025-09-17T00:45:17,-0.0174407958984375,-0.07830810546875,-0.992279052734375
2025-09-17T00:45:18,-0.017303466796875,-0.07830810546875,-0.992279052734375
2025-09-17T00:45:19,-0.017303466796875,-0.079498291015625,-0.992279052734375
2025-09-17T00:45:20,-0.017303466796875,-0.079498291015625,-0.990570068359375
2025-09-17T00:45:21,-0.01641845703125,-0.079498291015625,-0.990570068359375
2025-09-17T00:45:22,-0.01641845703125,-0.0782012939453125,-0.990570068359375
2025-09-17T00:45:23,-0.01641845703125,-0.0782012939453125,-0.9918212890625
2025-09-17T00:45:24,-0.0171051025390625,-0.0782012939453125,-0.9918212890625
2025-09-17T00:45:25,-0.0171051025390625,-0.0793304443359375,-0.9918212890625
2025-09-17T00:45:26,-0.0158843994140625,-0.0793304443359375,-0.9918212890625
2025-09-17T00:45:27,-0.0158843994140625,-0.079437255859375,-0.9918212890625
2025-09-17T00:45:28,-0.0158843994140625,-0.079437255859375,-0.9916534423828125
2025-09-17T00:45:29,-0.0167083740234375,-0.079437255859375,-0.9916534423828125
2025-09-17T00:45:30,-0.0167083740234375,-0.0791015625,-0.9916534423828125
2025-09-17T00:45:31,-0.0167083740234375,-0.0791015625,-0.9913177490234375
2025-09-17T00:45:33,-0.0164794921875,-0.0791015625,-0.9913177490234375
2025-09-17T00:45:34,-0.0164794921875,-0.0776519775390625,-0.9913177490234375
2025-09-17T00:45:35,-0.0164794921875,-0.0776519775390625,-0.992919921875
2025-09-17T00:45:36,-0.0166015625,-0.0776519775390625,-0.992919921875
2025-09-17T00:45:37,-0.0166015625,-0.079864501953125,-0.992919921875
2025-09-17T00:45:38,-0.0166015625,-0.079864501953125,-0.987396240234375
2025-09-17T00:45:39,-0.0173797607421875,-0.079864501953125,-0.987396240234375
2025-09-17T00:45:40,-0.0173797607421875,-0.0776519775390625,-0.987396240234375
2025-09-17T00:45:41,-0.0173797607421875,-0.0776519775390625,-0.99212646484375
2025-09-17T00:45:42,-0.0162506103515625,-0.0776519775390625,-0.99212646484375
2025-09-17T00:45:43,-0.0162506103515625,-0.0788116455078125,-0.99212646484375
2025-09-17T00:45:44,-0.0162506103515625,-0.0788116455078125,-0.992401123046875
2025-09-17T00:45:45,-0.0167999267578125,-0.0788116455078125,-0.992401123046875
2025-09-17T00:45:46,-0.0167999267578125,-0.077850341796875,-0.992401123046875
2025-09-17T00:45:47,-0.0167999267578125,-0.077850341796875,-0.9922027587890625
2025-09-17T00:45:48,-0.0182037353515625,-0.077850341796875,-0.9922027587890625
2025-09-17T00:45:49,-0.0182037353515625,-0.077850341796875,-0.992034912109375
2025-09-17T00:45:50,-0.017364501953125,-0.077850341796875,-0.992034912109375
2025-09-17T00:45:51,-0.017364501953125,-0.0783843994140625,-0.992034912109375
2025-09-17T00:45:52,-0.017364501953125,-0.0783843994140625,-0.993316650390625
2025-09-17T00:45:53,-0.0175628662109375,-0.0783843994140625,-0.993316650390625
2025-09-17T00:45:54,-0.0175628662109375,-0.0785675048828125,-0.993316650390625
2025-09-17T00:45:55,-0.0175628662109375,-0.0785675048828125,-0.9921112060546875
2025-09-17T00:45:56,-0.017364501953125,-0.0785675048828125,-0.9921112060546875
2025-09-17T00:45:57,-0.017364501953125,-0.0786590576171875,-0.9921112060546875
2025-09-17T00:45:58,-0.017364501953125,-0.0786590576171875,-0.9935150146484375
2025-09-17T00:45:59,-0.016387939453125,-0.0786590576171875,-0.9935150146484375
2025-09-17T00:46:00,-0.016387939453125,-0.0791473388671875,-0.9935150146484375
2025-09-17T00:46:01,-0.016387939453125,-0.0791473388671875,-0.9922637939453125
2025-09-17T00:46:02,-0.016998291015625,-0.0791473388671875,-0.9922637939453125
2025-09-17T00:46:03,-0.016998291015625,-0.0794677734375,-0.9922637939453125
2025-09-17T00:46:04,-0.016998291015625,-0.0794677734375,-0.99261474609375
2025-09-17T00:46:06,-0.016571044921875,-0.0794677734375,-0.99261474609375
2025-09-17T00:46:07,-0.016571044921875,-0.0786895751953125,-0.99261474609375
2025-09-17T00:46:08,-0.016571044921875,-0.0786895751953125,-0.9926605224609375
2025-09-17T00:46:09,-0.0168914794921875,-0.0786895751953125,-0.9926605224609375
2025-09-17T00:46:10,-0.0168914794921875,-0.0796051025390625,-0.9926605224609375
2025-09-17T00:46:11,-0.0168914794921875,-0.0796051025390625,-0.99224853515625
2025-09-17T00:46:12,-0.0166168212890625,-0.0796051025390625,-0.99224853515625
2025-09-17T00:46:13,-0.0166168212890625,-0.07794189453125,-0.99224853515625
2025-09-17T00:46:14,-0.0166168212890625,-0.07794189453125,-0.9916839599609375
2025-09-17T00:46:15,-0.0179290771484375,-0.07794189453125,-0.9916839599609375
2025-09-17T00:46:16,-0.0179290771484375,-0.078704833984375,-0.9916839599609375
2025-09-17T00:46:17,-0.0179290771484375,-0.078704833984375,-0.992950439453125
2025-09-17T00:46:18,-0.016571044921875,-0.078704833984375,-0.992950439453125
2025-09-17T00:46:19,-0.016571044921875,-0.078765869140625,-0.992950439453125
2025-09-17T00:46:20,-0.016571044921875,-0.078765869140625,-0.99102783203125
2025-09-17T00:46:21,-0.0166778564453125,-0.078765869140625,-0.99102783203125
2025-09-17T00:46:22,-0.0166778564453125,-0.07843017578125,-0.99102783203125
2025-09-17T00:46:23,-0.0166778564453125,-0.07843017578125,-0.9915924072265625
2025-09-17T00:46:24,-0.017852783203125,-0.07843017578125,-0.9915924072265625
2025-09-17T00:46:25,-0.017852783203125,-0.0801239013671875,-0.9915924072265625
2025-09-17T00:46:26,-0.017852783203125,-0.0801239013671875,-0.9919586181640625
2025-09-17T00:46:27,-0.0180511474609375,-0.0801239013671875,-0.9919586181640625
2025-09-17T00:46:28,-0.0180511474609375,-0.07928466796875,-0.9919586181640625
2025-09-17T00:46:29,-0.0180511474609375,-0.07928466796875,-0.9921722412109375
2025-09-17T00:46:30,-0.017730712890625,-0.07928466796875,-0.9921722412109375
2025-09-17T00:46:31,-0.017730712890625,-0.0792083740234375,-0.9921722412109375
2025-09-17T00:46:32,-0.017730712890625,-0.0792083740234375,-0.9928131103515625
2025-09-17T00:46:33,-0.016204833984375,-0.0792083740234375,-0.9928131103515625
2025-09-17T00:46:34,-0.016204833984375,-0.078857421875,-0.9928131103515625
2025-09-17T00:46:35,-0.016204833984375,-0.078857421875,-0.9933624267578125
2025-09-17T00:46:36,-0.0166168212890625,-0.078857421875,-0.9933624267578125
2025-09-17T00:46:37,-0.0166168212890625,-0.0786285400390625,-0.9933624267578125
2025-09-17T00:46:38,-0.0166168212890625,-0.0786285400390625,-0.9929656982421875
2025-09-17T00:46:40,-0.0175628662109375,-0.0786285400390625,-0.9929656982421875
2025-09-17T00:46:41,-0.0175628662109375,-0.0783233642578125,-0.9929656982421875
2025-09-17T00:46:42,-0.0175628662109375,-0.0783233642578125,-0.9914093017578125
2025-09-17T00:46:43,-0.0169219970703125,-0.0783233642578125,-0.9914093017578125
2025-09-17T00:46:44,-0.0169219970703125,-0.079559326171875,-0.9914093017578125
2025-09-17T00:46:45,-0.0169219970703125,-0.079559326171875,-0.991973876953125
2025-09-17T00:46:46,-0.0165252685546875,-0.079559326171875,-0.991973876953125
2025-09-17T00:46:47,-0.0165252685546875,-0.0794525146484375,-0.991973876953125
2025-09-17T00:46:48,-0.0165252685546875,-0.0794525146484375,-0.9921112060546875
2025-09-17T00:46:49,-0.0169677734375,-0.0794525146484375,-0.9921112060546875
2025-09-17T00:46:50,-0.0169677734375,-0.077667236328125,-0.9921112060546875
2025-09-17T00:46:51,-0.0169677734375,-0.077667236328125,-0.99267578125
2025-09-17T00:46:52,-0.0169525146484375,-0.077667236328125,-0.99267578125
2025-09-17T00:46:53,-0.0169525146484375,-0.079010009765625,-0.99267578125
2025-09-17T00:46:54,-0.0169525146484375,-0.079010009765625,-0.9893341064453125
2025-09-17T00:46:55,-0.017333984375,-0.079010009765625,-0.9893341064453125
2025-09-17T00:46:56,-0.017333984375,-0.0789642333984375,-0.9893341064453125
2025-09-17T00:46:57,-0.017333984375,-0.0789642333984375,-0.9896697998046875
2025-09-17T00:46:58,-0.016448974609375,-0.0789642333984375,-0.9896697998046875
2025-09-17T00:46:59,-0.016448974609375,-0.0790557861328125,-0.9896697998046875
2025-09-17T00:47:00,-0.016448974609375,-0.0790557861328125,-0.9925689697265625
2025-09-17T00:47:01,-0.0169830322265625,-0.0790557861328125,-0.9925689697265625
2025-09-17T00:47:02,-0.0169830322265625,-0.0781402587890625,-0.9925689697265625
2025-09-17T00:47:03,-0.0169830322265625,-0.0781402587890625,-0.99481201171875
2025-09-17T00:47:04,-0.0172119140625,-0.0781402587890625,-0.99481201171875
2025-09-17T00:47:05,-0.0172119140625,-0.0782318115234375,-0.99481201171875
2025-09-17T00:47:06,-0.0172119140625,-0.0782318115234375,-0.9898681640625
2025-09-17T00:47:07,-0.0184173583984375,-0.0782318115234375,-0.9898681640625
2025-09-17T00:47:08,-0.0184173583984375,-0.079315185546875,-0.9898681640625
2025-09-17T00:47:09,-0.0184173583984375,-0.079315185546875,-0.9947509765625
2025-09-17T00:47:10,-0.016937255859375,-0.079315185546875,-0.9947509765625
2025-09-17T00:47:11,-0.016937255859375,-0.07958984375,-0.9947509765625
2025-09-17T00:47:12,-0.016937255859375,-0.07958984375,-0.9927825927734375
2025-09-17T00:47:14,-0.015869140625,-0.07958984375,-0.9927825927734375
2025-09-17T00:47:15,-0.015869140625,-0.078125,-0.9927825927734375
2025-09-17T00:47:16,-0.015869140625,-0.078125,-0.990264892578125
2025-09-17T00:47:17,-0.0168609619140625,-0.078125,-0.990264892578125
2025-09-17T00:47:18,-0.0168609619140625,-0.0774688720703125,-0.990264892578125
2025-09-17T00:47:19,-0.0168609619140625,-0.0774688720703125,-0.99249267578125
2025-09-17T00:47:20,-0.016845703125,-0.0774688720703125,-0.99249267578125
2025-09-17T00:47:21,-0.016845703125,-0.078948974609375,-0.99249267578125
2025-09-17T00:47:22,-0.016845703125,-0.078948974609375,-0.9913330078125
2025-09-17T00:47:23,-0.0162506103515625,-0.078948974609375,-0.9913330078125
2025-09-17T00:47:24,-0.0162506103515625,-0.0804901123046875,-0.9913330078125
2025-09-17T00:47:25,-0.0162506103515625,-0.0804901123046875,-1.0009765625
2025-09-17T00:47:26,-0.017486572265625,-0.0804901123046875,-1.0009765625
2025-09-17T00:47:27,-0.017486572265625,-0.0784149169921875,-1.0009765625
2025-09-17T00:47:28,-0.017486572265625,-0.0784149169921875,-0.9876251220703125
2025-09-17T00:47:29,-0.016845703125,-0.0784149169921875,-0.9876251220703125
2025-09-17T00:47:30,-0.016845703125,-0.0818328857421875,-0.9876251220703125
2025-09-17T00:47:31,-0.016845703125,-0.0818328857421875,-1.004150390625
2025-09-17T00:47:32,-0.0163421630859375,-0.0818328857421875,-1.004150390625
2025-09-17T00:47:33,-0.0163421630859375,-0.078399658203125,-1.004150390625
2025-09-17T00:47:34,-0.0163421630859375,-0.078399658203125,-0.99285888671875
2025-09-17T00:47:35,-0.0165557861328125,-0.078399658203125,-0.99285888671875
2025-09-17T00:47:36,-0.0165557861328125,-0.0807342529296875,-0.99285888671875
2025-09-17T00:47:37,-0.0165557861328125,-0.0807342529296875,-0.993011474609375
2025-09-17T00:47:38,-0.0169677734375,-0.0807342529296875,-0.993011474609375
2025-09-17T00:47:39,-0.0169677734375,-0.0783538818359375,-0.993011474609375
2025-09-17T00:47:40,-0.0169677734375,-0.0783538818359375,-0.995819091796875
2025-09-17T00:47:41,-0.0164642333984375,-0.0783538818359375,-0.995819091796875
2025-09-17T00:47:42,-0.0164642333984375,-0.078643798828125,-0.995819091796875
2025-09-17T00:47:43,-0.0164642333984375,-0.078643798828125,-0.9920806884765625
2025-09-17T00:47:44,-0.0181732177734375,-0.078643798828125,-0.9920806884765625
2025-09-17T00:47:45,-0.0181732177734375,-0.078277587890625,-0.9920806884765625
2025-09-17T00:47:46,-0.0181732177734375,-0.078277587890625,-0.997467041015625
2025-09-17T00:47:48,-0.016571044921875,-0.078277587890625,-0.997467041015625
2025-09-17T00:47:49,-0.016571044921875,-0.078948974609375,-0.997467041015625
2025-09-17T00:47:50,-0.016571044921875,-0.078948974609375,-0.993927001953125
2025-09-17T00:47:51,-0.0165252685546875,-0.078948974609375,-0.993927001953125
2025-09-17T00:47:53,-0.0165252685546875,-0.079345703125,-0.993927001953125
2025-09-17T00:47:54,-0.0165252685546875,-0.079345703125,-0.9913482666015625
2025-09-17T00:47:55,-0.0160675048828125,-0.079345703125,-0.9913482666015625
2025-09-17T00:47:56,-0.0160675048828125,-0.0789947509765625,-0.9913482666015625
2025-09-17T00:47:57,-0.0160675048828125,-0.0789947509765625,-0.9935760498046875
2025-09-17T00:47:58,-0.01666259765625,-0.0789947509765625,-0.9935760498046875
2025-09-17T00:47:59,-0.01666259765625,-0.0790557861328125,-0.9935760498046875
2025-09-17T00:48:00,-0.01666259765625,-0.0790557861328125,-0.9930267333984375
2025-09-17T00:48:01,-0.015716552734375,-0.0790557861328125,-0.9930267333984375
2025-09-17T00:48:02,-0.015716552734375,-0.0795745849609375,-0.9930267333984375
2025-09-17T00:48:03,-0.015716552734375,-0.0795745849609375,-0.99273681640625
2025-09-17T00:48:04,-0.0172882080078125,-0.0795745849609375,-0.99273681640625
2025-09-17T00:48:05,-0.0172882080078125,-0.0789947509765625,-0.99273681640625
2025-09-17T00:48:06,-0.0172882080078125,-0.0789947509765625,-0.993438720703125
2025-09-17T00:48:07,-0.0161895751953125,-0.0789947509765625,-0.993438720703125
2025-09-17T00:48:08,-0.0161895751953125,-0.0790252685546875,-0.993438720703125
2025-09-17T00:48:09,-0.0161895751953125,-0.0790252685546875,-0.990966796875
2025-09-17T00:48:10,-0.0166015625,-0.0790252685546875,-0.990966796875
2025-09-17T00:48:11,-0.0166015625,-0.0780029296875,-0.990966796875
2025-09-17T00:48:12,-0.0166015625,-0.0780029296875,-0.9917144775390625
2025-09-17T00:48:13,-0.0167236328125,-0.0780029296875,-0.9917144775390625
2025-09-17T00:48:14,-0.0167236328125,-0.0786895751953125,-0.9917144775390625
2025-09-17T00:48:15,-0.0167236328125,-0.0786895751953125,-0.9935455322265625
2025-09-17T00:48:16,-0.0169677734375,-0.0786895751953125,-0.9935455322265625
2025-09-17T00:48:17,-0.0169677734375,-0.0782928466796875,-0.9935455322265625
2025-09-17T00:48:18,-0.0169677734375,-0.0782928466796875,-0.99285888671875
2025-09-17T00:48:19,-0.016448974609375,-0.0782928466796875,-0.99285888671875
2025-09-17T00:48:20,-0.016448974609375,-0.0788726806640625,-0.99285888671875
2025-09-17T00:48:21,-0.016448974609375,-0.0788726806640625,-0.9922637939453125
2025-09-17T00:48:23,-0.0166015625,-0.0788726806640625,-0.9922637939453125
2025-09-17T00:48:24,-0.0166015625,-0.0779876708984375,-0.9922637939453125
2025-09-17T00:48:25,-0.0166015625,-0.0779876708984375,-0.9925537109375
2025-09-17T00:48:26,-0.016693115234375,-0.0779876708984375,-0.9925537109375
2025-09-17T00:48:27,-0.016693115234375,-0.0791778564453125,-0.9925537109375
2025-09-17T00:48:28,-0.016693115234375,-0.0791778564453125,-0.9917755126953125
2025-09-17T00:48:29,-0.01629638671875,-0.0791778564453125,-0.9917755126953125
2025-09-17T00:48:30,-0.01629638671875,-0.079803466796875,-0.9917755126953125
2025-09-17T00:48:31,-0.01629638671875,-0.079803466796875,-0.9939727783203125
2025-09-17T00:48:32,-0.0169677734375,-0.079803466796875,-0.9939727783203125
2025-09-17T00:48:33,-0.0169677734375,-0.078857421875,-0.9939727783203125
2025-09-17T00:48:34,-0.0169677734375,-0.078857421875,-0.989166259765625
2025-09-17T00:48:35,-0.0175933837890625,-0.078857421875,-0.989166259765625
2025-09-17T00:48:36,-0.0175933837890625,-0.07769775390625,-0.989166259765625
2025-09-17T00:48:37,-0.0175933837890625,-0.07769775390625,-0.9906463623046875
2025-09-17T00:48:38,-0.0161285400390625,-0.07769775390625,-0.9906463623046875
2025-09-17T00:48:39,-0.0161285400390625,-0.0791015625,-0.9906463623046875
2025-09-17T00:48:40,-0.0161285400390625,-0.0791015625,-0.9902496337890625
2025-09-17T00:48:41,-0.0171661376953125,-0.0791015625,-0.9902496337890625
2025-09-17T00:48:42,-0.0171661376953125,-0.078704833984375,-0.9902496337890625
2025-09-17T00:48:43,-0.0171661376953125,-0.078704833984375,-0.99200439453125
2025-09-17T00:48:44,-0.0174560546875,-0.078704833984375,-0.99200439453125
2025-09-17T00:48:45,-0.0174560546875,-0.07818603515625,-0.99200439453125
2025-09-17T00:48:46,-0.0174560546875,-0.07818603515625,-0.993438720703125
2025-09-17T00:48:47,-0.017547607421875,-0.07818603515625,-0.993438720703125
2025-09-17T00:48:48,-0.017547607421875,-0.0788421630859375,-0.993438720703125
2025-09-17T00:48:49,-0.017547607421875,-0.0788421630859375,-0.992156982421875
2025-09-17T00:48:50,-0.0173187255859375,-0.0788421630859375,-0.992156982421875
2025-09-17T00:48:51,-0.0173187255859375,-0.0787200927734375,-0.992156982421875
2025-09-17T00:48:52,-0.0173187255859375,-0.0787200927734375,-0.9901885986328125
2025-09-17T00:48:53,-0.016693115234375,-0.0787200927734375,-0.9901885986328125
2025-09-17T00:48:54,-0.016693115234375,-0.0782928466796875,-0.9901885986328125
2025-09-17T00:48:55,-0.016693115234375,-0.0782928466796875,-0.9922943115234375
2025-09-17T00:48:57,-0.016815185546875,-0.0782928466796875,-0.9922943115234375
2025-09-17T00:48:58,-0.016815185546875,-0.0803985595703125,-0.9922943115234375
2025-09-17T00:48:59,-0.016815185546875,-0.0803985595703125,-0.9932708740234375
2025-09-17T00:49:00,-0.0171051025390625,-0.0803985595703125,-0.9932708740234375
2025-09-17T00:49:01,-0.0171051025390625,-0.0780487060546875,-0.9932708740234375
2025-09-17T00:49:02,-0.0171051025390625,-0.0780487060546875,-0.9942169189453125
2025-09-17T00:49:03,-0.018035888671875,-0.0780487060546875,-0.9942169189453125
2025-09-17T00:49:04,-0.018035888671875,-0.0790252685546875,-0.9942169189453125
2025-09-17T00:49:05,-0.018035888671875,-0.0790252685546875,-0.9942474365234375
2025-09-17T00:49:06,-0.016876220703125,-0.0790252685546875,-0.9942474365234375
2025-09-17T00:49:07,-0.016876220703125,-0.0789947509765625,-0.9942474365234375
2025-09-17T00:49:08,-0.016876220703125,-0.0789947509765625,-0.9951171875
2025-09-17T00:49:09,-0.01739501953125,-0.0789947509765625,-0.9951171875
2025-09-17T00:49:10,-0.01739501953125,-0.0792083740234375,-0.9951171875
2025-09-17T00:49:11,-0.01739501953125,-0.0792083740234375,-0.9929656982421875
2025-09-17T00:49:12,-0.0169830322265625,-0.0792083740234375,-0.9929656982421875
2025-09-17T00:49:13,-0.0169830322265625,-0.0794830322265625,-0.9929656982421875
2025-09-17T00:49:14,-0.0169830322265625,-0.0794830322265625,-0.9923248291015625
2025-09-17T00:49:15,-0.01654052734375,-0.0794830322265625,-0.9923248291015625
2025-09-17T00:49:16,-0.01654052734375,-0.078887939453125,-0.9923248291015625
2025-09-17T00:49:17,-0.01654052734375,-0.078887939453125,-0.9940338134765625
2025-09-17T00:49:18,-0.0168304443359375,-0.078887939453125,-0.9940338134765625
2025-09-17T00:49:19,-0.0168304443359375,-0.079193115234375,-0.9940338134765625
2025-09-17T00:49:20,-0.0168304443359375,-0.079193115234375,-0.99169921875
2025-09-17T00:49:21,-0.016571044921875,-0.079193115234375,-0.99169921875
2025-09-17T00:49:22,-0.016571044921875,-0.0775299072265625,-0.99169921875
2025-09-17T00:49:23,-0.016571044921875,-0.0775299072265625,-0.9929046630859375
2025-09-17T00:49:24,-0.0159759521484375,-0.0775299072265625,-0.9929046630859375
2025-09-17T00:49:25,-0.0159759521484375,-0.079132080078125,-0.9929046630859375
2025-09-17T00:49:26,-0.0159759521484375,-0.079132080078125,-0.991729736328125
2025-09-17T00:49:27,-0.0177459716796875,-0.079132080078125,-0.991729736328125
2025-09-17T00:49:28,-0.0177459716796875,-0.0780029296875,-0.991729736328125
2025-09-17T00:49:29,-0.0177459716796875,-0.0780029296875,-0.99310302734375
2025-09-17T00:49:31,-0.017242431640625,-0.0780029296875,-0.99310302734375
2025-09-17T00:49:32,-0.017242431640625,-0.0771026611328125,-0.99310302734375
2025-09-17T00:49:33,-0.017242431640625,-0.0771026611328125,-0.9924163818359375
2025-09-17T00:49:34,-0.0177001953125,-0.0771026611328125,-0.9924163818359375
2025-09-17T00:49:35,-0.0177001953125,-0.0787506103515625,-0.9924163818359375
2025-09-17T00:49:36,-0.0177001953125,-0.0787506103515625,-0.9933319091796875
2025-09-17T00:49:37,-0.016387939453125,-0.0787506103515625,-0.9933319091796875
2025-09-17T00:49:38,-0.016387939453125,-0.0789642333984375,-0.9933319091796875
2025-09-17T00:49:39,-0.016387939453125,-0.0789642333984375,-0.9911041259765625
2025-09-17T00:49:40,-0.0171661376953125,-0.0789642333984375,-0.9911041259765625
2025-09-17T00:49:41,-0.0171661376953125,-0.078887939453125,-0.9911041259765625
2025-09-17T00:49:42,-0.0171661376953125,-0.078887939453125,-0.9922027587890625
2025-09-17T00:49:43,-0.0177001953125,-0.078887939453125,-0.9922027587890625
2025-09-17T00:49:44,-0.0177001953125,-0.0799560546875,-0.9922027587890625
2025-09-17T00:49:45,-0.0177001953125,-0.0799560546875,-0.9929656982421875
2025-09-17T00:49:46,-0.0171356201171875,-0.0799560546875,-0.9929656982421875
2025-09-17T00:49:47,-0.0171356201171875,-0.0789031982421875,-0.9929656982421875
2025-09-17T00:49:48,-0.0171356201171875,-0.0789031982421875,-0.9903411865234375
2025-09-17T00:49:49,-0.01708984375,-0.0789031982421875,-0.9903411865234375
2025-09-17T00:49:50,-0.01708984375,-0.078369140625,-0.9903411865234375
2025-09-17T00:49:51,-0.01708984375,-0.078369140625,-0.9931182861328125
2025-09-17T00:49:52,-0.0173492431640625,-0.078369140625,-0.9931182861328125
2025-09-17T00:49:53,-0.0173492431640625,-0.0794830322265625,-0.9931182861328125
2025-09-17T00:49:54,-0.0173492431640625,-0.0794830322265625,-0.991424560546875
2025-09-17T00:49:55,-0.018157958984375,-0.0794830322265625,-0.991424560546875
2025-09-17T00:49:56,-0.018157958984375,-0.07952880859375,-0.991424560546875
2025-09-17T00:49:57,-0.018157958984375,-0.07952880859375,-0.9912261962890625
2025-09-17T00:49:58,-0.01605224609375,-0.07952880859375,-0.9912261962890625
2025-09-17T00:49:59,-0.01605224609375,-0.0785369873046875,-0.9912261962890625
2025-09-17T00:50:00,-0.01605224609375,-0.0785369873046875,-0.9930419921875
2025-09-17T00:50:01,-0.0174560546875,-0.0785369873046875,-0.9930419921875
2025-09-17T00:50:02,-0.0174560546875,-0.0785064697265625,-0.9930419921875
2025-09-17T00:50:03,-0.0174560546875,-0.0785064697265625,-0.99462890625
2025-09-17T00:50:05,-0.0173492431640625,-0.0785064697265625,-0.99462890625
2025-09-17T00:50:06,-0.0173492431640625,-0.0789031982421875,-0.99462890625
2025-09-17T00:50:07,-0.0173492431640625,-0.0789031982421875,-0.990692138671875
2025-09-17T00:50:08,-0.0172576904296875,-0.0789031982421875,-0.990692138671875
2025-09-17T00:50:09,-0.0172576904296875,-0.0798797607421875,-0.990692138671875
2025-09-17T00:50:10,-0.0172576904296875,-0.0798797607421875,-0.9937744140625
2025-09-17T00:50:11,-0.017181396484375,-0.0798797607421875,-0.9937744140625
2025-09-17T00:50:12,-0.017181396484375,-0.078369140625,-0.9937744140625
2025-09-17T00:50:13,-0.017181396484375,-0.078369140625,-0.9933013916015625
2025-09-17T00:50:14,-0.0162506103515625,-0.078369140625,-0.9933013916015625
2025-09-17T00:50:15,-0.0162506103515625,-0.0804290771484375,-0.9933013916015625
2025-09-17T00:50:16,-0.0162506103515625,-0.0804290771484375,-0.9900970458984375
2025-09-17T00:50:17,-0.016754150390625,-0.0804290771484375,-0.9900970458984375
2025-09-17T00:50:18,-0.016754150390625,-0.078125,-0.9900970458984375
2025-09-17T00:50:19,-0.016754150390625,-0.078125,-0.9903564453125
2025-09-17T00:50:20,-0.0174713134765625,-0.078125,-0.9903564453125
2025-09-17T00:50:21,-0.0174713134765625,-0.0785064697265625,-0.9903564453125
2025-09-17T00:50:22,-0.0174713134765625,-0.0785064697265625,-0.9939422607421875
2025-09-17T00:50:23,-0.0167236328125,-0.0785064697265625,-0.9939422607421875
2025-09-17T00:50:24,-0.0167236328125,-0.0792694091796875,-0.9939422607421875
2025-09-17T00:50:25,-0.0167236328125,-0.0792694091796875,-0.99468994140625
2025-09-17T00:50:26,-0.0178375244140625,-0.0792694091796875,-0.99468994140625
2025-09-17T00:50:27,-0.0178375244140625,-0.079437255859375,-0.99468994140625
2025-09-17T00:50:28,-0.0178375244140625,-0.079437255859375,-0.9915618896484375
2025-09-17T00:50:29,-0.016387939453125,-0.079437255859375,-0.9915618896484375
2025-09-17T00:50:30,-0.016387939453125,-0.0782012939453125,-0.9915618896484375
2025-09-17T00:50:31,-0.016387939453125,-0.0782012939453125,-0.991668701171875
2025-09-17T00:50:32,-0.0171356201171875,-0.0782012939453125,-0.991668701171875
2025-09-17T00:50:33,-0.0171356201171875,-0.0788116455078125,-0.991668701171875
2025-09-17T00:50:34,-0.0171356201171875,-0.0788116455078125,-0.9918975830078125
2025-09-17T00:50:35,-0.0153961181640625,-0.0788116455078125,-0.9918975830078125
2025-09-17T00:50:36,-0.0153961181640625,-0.0788726806640625,-0.9918975830078125
2025-09-17T00:50:37,-0.0153961181640625,-0.0788726806640625,-0.9914398193359375
2025-09-17T00:50:39,-0.01605224609375,-0.0788726806640625,-0.9914398193359375
2025-09-17T00:50:40,-0.01605224609375,-0.0797576904296875,-0.9914398193359375
2025-09-17T00:50:41,-0.01605224609375,-0.0797576904296875,-0.99176025390625
2025-09-17T00:50:42,-0.0169525146484375,-0.0797576904296875,-0.99176025390625
2025-09-17T00:50:43,-0.0169525146484375,-0.0800933837890625,-0.99176025390625
2025-09-17T00:50:44,-0.0169525146484375,-0.0800933837890625,-0.994842529296875
2025-09-17T00:50:45,-0.016204833984375,-0.0800933837890625,-0.994842529296875
2025-09-17T00:50:46,-0.016204833984375,-0.078033447265625,-0.994842529296875
2025-09-17T00:50:47,-0.016204833984375,-0.078033447265625,-0.993988037109375
2025-09-17T00:50:48,-0.016632080078125,-0.078033447265625,-0.993988037109375
2025-09-17T00:50:49,-0.016632080078125,-0.0788421630859375,-0.993988037109375
2025-09-17T00:50:50,-0.016632080078125,-0.0788421630859375,-0.992218017578125
2025-09-17T00:50:51,-0.0174713134765625,-0.0788421630859375,-0.992218017578125
2025-09-17T00:50:52,-0.0174713134765625,-0.0783233642578125,-0.992218017578125
2025-09-17T00:50:53,-0.0174713134765625,-0.0783233642578125,-0.9921875
2025-09-17T00:50:54,-0.0176849365234375,-0.0783233642578125,-0.9921875
2025-09-17T00:50:55,-0.0176849365234375,-0.0790557861328125,-0.9921875
2025-09-17T00:50:56,-0.0176849365234375,-0.0790557861328125,-0.992218017578125
2025-09-17T00:50:57,-0.0176849365234375,-0.07867431640625,-0.992218017578125
2025-09-17T00:50:58,-0.0176849365234375,-0.07867431640625,-0.993621826171875
2025-09-17T00:50:59,-0.017730712890625,-0.07867431640625,-0.993621826171875
2025-09-17T00:51:00,-0.017730712890625,-0.0769500732421875,-0.993621826171875
2025-09-17T00:51:01,-0.017730712890625,-0.0769500732421875,-0.993316650390625
2025-09-17T00:51:02,-0.0171356201171875,-0.0769500732421875,-0.993316650390625
2025-09-17T00:51:03,-0.0171356201171875,-0.07830810546875,-0.993316650390625
2025-09-17T00:51:04,-0.0171356201171875,-0.07830810546875,-0.991363525390625
2025-09-17T00:51:05,-0.0169525146484375,-0.07830810546875,-0.991363525390625
2025-09-17T00:51:06,-0.0169525146484375,-0.0789031982421875,-0.991363525390625
2025-09-17T00:51:07,-0.0169525146484375,-0.0789031982421875,-0.99298095703125
2025-09-17T00:51:08,-0.0162353515625,-0.0789031982421875,-0.99298095703125
2025-09-17T00:51:09,-0.0162353515625,-0.0792694091796875,-0.99298095703125
2025-09-17T00:51:10,-0.0162353515625,-0.0792694091796875,-0.9923095703125
2025-09-17T00:51:12,-0.01702880859375,-0.0792694091796875,-0.9923095703125
2025-09-17T00:51:13,-0.01702880859375,-0.078704833984375,-0.9923095703125
2025-09-17T00:51:14,-0.01702880859375,-0.078704833984375,-0.992218017578125
2025-09-17T00:51:15,-0.0161895751953125,-0.078704833984375,-0.992218017578125
2025-09-17T00:51:16,-0.0161895751953125,-0.0790557861328125,-0.992218017578125
2025-09-17T00:51:17,-0.0161895751953125,-0.0790557861328125,-0.9920501708984375
2025-09-17T00:51:18,-0.0167388916015625,-0.0790557861328125,-0.9920501708984375
2025-09-17T00:51:19,-0.0167388916015625,-0.079498291015625,-0.9920501708984375
2025-09-17T00:51:20,-0.0167388916015625,-0.079498291015625,-0.9915313720703125
2025-09-17T00:51:21,-0.01708984375,-0.079498291015625,-0.9915313720703125
2025-09-17T00:51:22,-0.01708984375,-0.0789947509765625,-0.9915313720703125
2025-09-17T00:51:23,-0.01708984375,-0.0789947509765625,-0.9926300048828125
2025-09-17T00:51:24,-0.0163116455078125,-0.0789947509765625,-0.9926300048828125
2025-09-17T00:51:25,-0.0163116455078125,-0.078765869140625,-0.9926300048828125
2025-09-17T00:51:26,-0.0163116455078125,-0.078765869140625,-0.99053955078125
2025-09-17T00:51:27,-0.01715087890625,-0.078765869140625,-0.99053955078125
2025-09-17T00:51:28,-0.01715087890625,-0.08050537109375,-0.99053955078125
2025-09-17T00:51:29,-0.01715087890625,-0.08050537109375,-0.9933624267578125
2025-09-17T00:51:30,-0.016754150390625,-0.08050537109375,-0.9933624267578125
2025-09-17T00:51:31,-0.016754150390625,-0.0781402587890625,-0.9933624267578125
2025-09-17T00:51:32,-0.016754150390625,-0.0781402587890625,-0.9931488037109375
2025-09-17T00:51:33,-0.0168914794921875,-0.0781402587890625,-0.9931488037109375
2025-09-17T00:51:34,-0.0168914794921875,-0.0792999267578125,-0.9931488037109375
2025-09-17T00:51:35,-0.0168914794921875,-0.0792999267578125,-0.9929656982421875
2025-09-17T00:51:36,-0.01641845703125,-0.0792999267578125,-0.9929656982421875
2025-09-17T00:51:37,-0.01641845703125,-0.0799713134765625,-0.9929656982421875
2025-09-17T00:51:38,-0.01641845703125,-0.0799713134765625,-0.9954833984375
2025-09-17T00:51:39,-0.01715087890625,-0.0799713134765625,-0.9954833984375
2025-09-17T00:51:40,-0.01715087890625,-0.079437255859375,-0.9954833984375
2025-09-17T00:51:41,-0.01715087890625,-0.079437255859375,-0.9926910400390625
2025-09-17T00:51:42,-0.0175933837890625,-0.079437255859375,-0.9926910400390625
2025-09-17T00:51:43,-0.0175933837890625,-0.0775604248046875,-0.9926910400390625
2025-09-17T00:51:44,-0.0175933837890625,-0.0775604248046875,-0.9837188720703125
2025-09-17T00:51:46,-0.0162353515625,-0.0775604248046875,-0.9837188720703125
2025-09-17T00:51:47,-0.0162353515625,-0.079833984375,-0.9837188720703125
2025-09-17T00:51:48,-0.0162353515625,-0.079833984375,-0.9917449951171875
2025-09-17T00:51:49,-0.01708984375,-0.079833984375,-0.9917449951171875
2025-09-17T00:51:50,-0.01708984375,-0.0791778564453125,-0.9917449951171875
2025-09-17T00:51:51,-0.01708984375,-0.0791778564453125,-0.9919891357421875
2025-09-17T00:51:52,-0.016571044921875,-0.0791778564453125,-0.9919891357421875
2025-09-17T00:51:53,-0.016571044921875,-0.079376220703125,-0.9919891357421875
2025-09-17T00:51:54,-0.016571044921875,-0.079376220703125,-0.9915618896484375
2025-09-17T00:51:55,-0.0177764892578125,-0.079376220703125,-0.9915618896484375
2025-09-17T00:51:56,-0.0177764892578125,-0.078338623046875,-0.9915618896484375
2025-09-17T00:51:57,-0.0177764892578125,-0.078338623046875,-0.993438720703125
2025-09-17T00:51:58,-0.0166168212890625,-0.078338623046875,-0.993438720703125
2025-09-17T00:51:59,-0.0166168212890625,-0.0780487060546875,-0.993438720703125
2025-09-17T00:52:00,-0.0166168212890625,-0.0780487060546875,-0.990478515625
2025-09-17T00:52:01,-0.0170745849609375,-0.0780487060546875,-0.990478515625
2025-09-17T00:52:02,-0.0170745849609375,-0.07891845703125,-0.990478515625
2025-09-17T00:52:03,-0.0170745849609375,-0.07891845703125,-0.99676513671875
2025-09-17T00:52:04,-0.015777587890625,-0.07891845703125,-0.99676513671875
2025-09-17T00:52:05,-0.015777587890625,-0.0792388916015625,-0.99676513671875
2025-09-17T00:52:06,-0.015777587890625,-0.0792388916015625,-0.987518310546875
2025-09-17T00:52:07,-0.01715087890625,-0.0792388916015625,-0.987518310546875
2025-09-17T00:52:08,-0.01715087890625,-0.078582763671875,-0.987518310546875
2025-09-17T00:52:09,-0.01715087890625,-0.078582763671875,-0.9975128173828125
2025-09-17T00:52:10,-0.01727294921875,-0.078582763671875,-0.9975128173828125
2025-09-17T00:52:11,-0.01727294921875,-0.079193115234375,-0.9975128173828125
2025-09-17T00:52:12,-0.01727294921875,-0.079193115234375,-0.991363525390625
2025-09-17T00:52:13,-0.0176239013671875,-0.079193115234375,-0.991363525390625
2025-09-17T00:52:14,-0.0176239013671875,-0.0780181884765625,-0.991363525390625
2025-09-17T00:52:15,-0.0176239013671875,-0.0780181884765625,-0.993316650390625
2025-09-17T00:52:16,-0.0168609619140625,-0.0780181884765625,-0.993316650390625
2025-09-17T00:52:17,-0.0168609619140625,-0.078857421875,-0.993316650390625
2025-09-17T00:52:18,-0.0168609619140625,-0.078857421875,-0.99139404296875
2025-09-17T00:52:20,-0.0182647705078125,-0.078857421875,-0.99139404296875
2025-09-17T00:52:21,-0.0182647705078125,-0.077301025390625,-0.99139404296875
2025-09-17T00:52:22,-0.0182647705078125,-0.077301025390625,-0.9933013916015625
2025-09-17T00:52:23,-0.0179901123046875,-0.077301025390625,-0.9933013916015625
2025-09-17T00:52:24,-0.0179901123046875,-0.0791168212890625,-0.9933013916015625
2025-09-17T00:52:25,-0.0179901123046875,-0.0791168212890625,-0.9890289306640625
2025-09-17T00:52:26,-0.0171966552734375,-0.0791168212890625,-0.9890289306640625
2025-09-17T00:52:27,-0.0171966552734375,-0.0785675048828125,-0.9890289306640625
2025-09-17T00:52:28,-0.0171966552734375,-0.0785675048828125,-0.9971466064453125
2025-09-17T00:52:29,-0.018157958984375,-0.0785675048828125,-0.9971466064453125
2025-09-17T00:52:30,-0.018157958984375,-0.07891845703125,-0.9971466064453125
2025-09-17T00:52:31,-0.018157958984375,-0.07891845703125,-0.992706298828125
2025-09-17T00:52:32,-0.016693115234375,-0.07891845703125,-0.992706298828125
2025-09-17T00:52:33,-0.016693115234375,-0.079437255859375,-0.992706298828125
2025-09-17T00:52:34,-0.016693115234375,-0.079437255859375,-0.9911346435546875
2025-09-17T00:52:35,-0.016876220703125,-0.079437255859375,-0.9911346435546875
2025-09-17T00:52:36,-0.016876220703125,-0.0796966552734375,-0.9911346435546875
2025-09-17T00:52:37,-0.016876220703125,-0.0796966552734375,-0.9921417236328125
2025-09-17T00:52:38,-0.0164031982421875,-0.0796966552734375,-0.9921417236328125
2025-09-17T00:52:39,-0.0164031982421875,-0.0794830322265625,-0.9921417236328125
2025-09-17T00:52:40,-0.0164031982421875,-0.0794830322265625,-0.992431640625
2025-09-17T00:52:41,-0.0167999267578125,-0.0794830322265625,-0.992431640625
2025-09-17T00:52:42,-0.0167999267578125,-0.07940673828125,-0.992431640625
2025-09-17T00:52:43,-0.0167999267578125,-0.07940673828125,-0.9910736083984375
2025-09-17T00:52:44,-0.0171051025390625,-0.07940673828125,-0.9910736083984375
2025-09-17T00:52:45,-0.0171051025390625,-0.0795135498046875,-0.9910736083984375
2025-09-17T00:52:46,-0.0171051025390625,-0.0795135498046875,-0.99261474609375
2025-09-17T00:52:47,-0.0153045654296875,-0.0795135498046875,-0.99261474609375
2025-09-17T00:52:48,-0.0153045654296875,-0.07989501953125,-0.99261474609375
2025-09-17T00:52:49,-0.0153045654296875,-0.07989501953125,-0.9888916015625
2025-09-17T00:52:50,-0.0171051025390625,-0.07989501953125,-0.9888916015625
2025-09-17T00:52:51,-0.0171051025390625,-0.079132080078125,-0.9888916015625
2025-09-17T00:52:52,-0.0171051025390625,-0.079132080078125,-0.99169921875
2025-09-17T00:52:54,-0.0184326171875,-0.079132080078125,-0.99169921875
2025-09-17T00:52:55,-0.0184326171875,-0.0790863037109375,-0.99169921875
2025-09-17T00:52:56,-0.0184326171875,-0.0790863037109375,-0.9919891357421875
2025-09-17T00:52:57,-0.017242431640625,-0.0790863037109375,-0.9919891357421875
2025-09-17T00:52:58,-0.017242431640625,-0.0787811279296875,-0.9919891357421875
2025-09-17T00:52:59,-0.017242431640625,-0.0787811279296875,-0.9917755126953125
2025-09-17T00:53:00,-0.01776123046875,-0.0787811279296875,-0.9917755126953125
2025-09-17T00:53:01,-0.01776123046875,-0.077178955078125,-0.9917755126953125
2025-09-17T00:53:02,-0.01776123046875,-0.077178955078125,-0.992340087890625
2025-09-17T00:53:03,-0.0171051025390625,-0.077178955078125,-0.992340087890625
2025-09-17T00:53:05,-0.0171051025390625,-0.0803375244140625,-0.992340087890625
2025-09-17T00:53:06,-0.0171051025390625,-0.0803375244140625,-0.9925079345703125
2025-09-17T00:53:07,-0.016815185546875,-0.0803375244140625,-0.9925079345703125
2025-09-17T00:53:08,-0.016815185546875,-0.0787811279296875,-0.9925079345703125
2025-09-17T00:53:09,-0.016815185546875,-0.0787811279296875,-0.991912841796875
2025-09-17T00:53:10,-0.0169830322265625,-0.0787811279296875,-0.991912841796875
2025-09-17T00:53:11,-0.0169830322265625,-0.0806121826171875,-0.991912841796875
2025-09-17T00:53:12,-0.0169830322265625,-0.0806121826171875,-0.9921112060546875
2025-09-17T00:53:13,-0.018768310546875,-0.0806121826171875,-0.9921112060546875
2025-09-17T00:53:14,-0.018768310546875,-0.0768585205078125,-0.9921112060546875
2025-09-17T00:53:15,-0.018768310546875,-0.0768585205078125,-0.9915924072265625
2025-09-17T00:53:16,-0.0173797607421875,-0.0768585205078125,-0.9915924072265625
2025-09-17T00:53:17,-0.0173797607421875,-0.07958984375,-0.9915924072265625
2025-09-17T00:53:18,-0.0173797607421875,-0.07958984375,-0.99017333984375
2025-09-17T00:53:19,-0.0178070068359375,-0.07958984375,-0.99017333984375
2025-09-17T00:53:20,-0.0178070068359375,-0.078887939453125,-0.99017333984375
2025-09-17T00:53:21,-0.0178070068359375,-0.078887939453125,-0.99273681640625
2025-09-17T00:53:22,-0.0169219970703125,-0.078887939453125,-0.99273681640625
2025-09-17T00:53:23,-0.0169219970703125,-0.0787506103515625,-0.99273681640625
2025-09-17T00:53:24,-0.0169219970703125,-0.0787506103515625,-0.9933319091796875
2025-09-17T00:53:25,-0.01666259765625,-0.0787506103515625,-0.9933319091796875
2025-09-17T00:53:26,-0.01666259765625,-0.0789031982421875,-0.9933319091796875
2025-09-17T00:53:27,-0.01666259765625,-0.0789031982421875,-0.993316650390625
2025-09-17T00:53:28,-0.015838623046875,-0.0789031982421875,-0.993316650390625
2025-09-17T00:53:29,-0.015838623046875,-0.0801849365234375,-0.993316650390625
2025-09-17T00:53:30,-0.015838623046875,-0.0801849365234375,-0.9893646240234375
2025-09-17T00:53:32,-0.01727294921875,-0.0801849365234375,-0.9893646240234375
2025-09-17T00:53:33,-0.01727294921875,-0.0792083740234375,-0.9893646240234375
2025-09-17T00:53:34,-0.01727294921875,-0.0792083740234375,-0.99200439453125
2025-09-17T00:53:35,-0.0167388916015625,-0.0792083740234375,-0.99200439453125
2025-09-17T00:53:36,-0.0167388916015625,-0.079345703125,-0.99200439453125
2025-09-17T00:53:37,-0.0167388916015625,-0.079345703125,-0.991790771484375
2025-09-17T00:53:38,-0.016998291015625,-0.079345703125,-0.991790771484375
2025-09-17T00:53:39,-0.016998291015625,-0.0790252685546875,-0.991790771484375
2025-09-17T00:53:40,-0.016998291015625,-0.0790252685546875,-0.9922332763671875
2025-09-17T00:53:41,-0.0168914794921875,-0.0790252685546875,-0.9922332763671875
2025-09-17T00:53:42,-0.0168914794921875,-0.079254150390625,-0.9922332763671875
2025-09-17T00:53:43,-0.0168914794921875,-0.079254150390625,-0.9928741455078125
2025-09-17T00:53:44,-0.017974853515625,-0.079254150390625,-0.9928741455078125
2025-09-17T00:53:45,-0.017974853515625,-0.079864501953125,-0.9928741455078125
2025-09-17T00:53:46,-0.017974853515625,-0.079864501953125,-1.00396728515625
2025-09-17T00:53:47,-0.016876220703125,-0.079864501953125,-1.00396728515625
2025-09-17T00:53:48,-0.016876220703125,-0.0788116455078125,-1.00396728515625
2025-09-17T00:53:49,-0.016876220703125,-0.0788116455078125,-0.9922943115234375
2025-09-17T00:53:50,-0.016632080078125,-0.0788116455078125,-0.9922943115234375
2025-09-17T00:53:51,-0.016632080078125,-0.0791015625,-0.9922943115234375
2025-09-17T00:53:52,-0.016632080078125,-0.0791015625,-0.9910888671875
2025-09-17T00:53:53,-0.01727294921875,-0.0791015625,-0.9910888671875
2025-09-17T00:53:54,-0.01727294921875,-0.0775146484375,-0.9910888671875
2025-09-17T00:53:55,-0.01727294921875,-0.0775146484375,-0.98876953125
2025-09-17T00:53:56,-0.0168914794921875,-0.0775146484375,-0.98876953125
2025-09-17T00:53:57,-0.0168914794921875,-0.0790252685546875,-0.98876953125
2025-09-17T00:53:58,-0.0168914794921875,-0.0790252685546875,-0.9921417236328125
2025-09-17T00:53:59,-0.0167083740234375,-0.0790252685546875,-0.9921417236328125
2025-09-17T00:54:00,-0.0167083740234375,-0.0783538818359375,-0.9921417236328125
2025-09-17T00:54:01,-0.0167083740234375,-0.0783538818359375,-0.98809814453125
2025-09-17T00:54:02,-0.01654052734375,-0.0783538818359375,-0.98809814453125
2025-09-17T00:54:03,-0.01654052734375,-0.0791473388671875,-0.98809814453125
2025-09-17T00:54:04,-0.01654052734375,-0.0791473388671875,-0.99078369140625
2025-09-17T00:54:06,-0.0162200927734375,-0.0791473388671875,-0.99078369140625
2025-09-17T00:54:07,-0.0162200927734375,-0.078704833984375,-0.99078369140625
2025-09-17T00:54:08,-0.0162200927734375,-0.078704833984375,-0.989593505859375
2025-09-17T00:54:09,-0.016387939453125,-0.078704833984375,-0.989593505859375
2025-09-17T00:54:10,-0.016387939453125,-0.078094482421875,-0.989593505859375
2025-09-17T00:54:11,-0.016387939453125,-0.078094482421875,-0.9912109375
2025-09-17T00:54:12,-0.0163421630859375,-0.078094482421875,-0.9912109375
2025-09-17T00:54:13,-0.0163421630859375,-0.078704833984375,-0.9912109375
2025-09-17T00:54:14,-0.0163421630859375,-0.078704833984375,-0.9917755126953125
2025-09-17T00:54:15,-0.01739501953125,-0.078704833984375,-0.9917755126953125
2025-09-17T00:54:16,-0.01739501953125,-0.0782928466796875,-0.9917755126953125
2025-09-17T00:54:17,-0.01739501953125,-0.0782928466796875,-0.99169921875
2025-09-17T00:54:18,-0.0165863037109375,-0.0782928466796875,-0.99169921875
2025-09-17T00:54:19,-0.0165863037109375,-0.0788116455078125,-0.99169921875
2025-09-17T00:54:20,-0.0165863037109375,-0.0788116455078125,-0.99383544921875
2025-09-17T00:54:21,-0.0173492431640625,-0.0788116455078125,-0.99383544921875
2025-09-17T00:54:22,-0.0173492431640625,-0.079833984375,-0.99383544921875
2025-09-17T00:54:23,-0.0173492431640625,-0.079833984375,-0.99456787109375
2025-09-17T00:54:24,-0.0160369873046875,-0.079833984375,-0.99456787109375
2025-09-17T00:54:25,-0.0160369873046875,-0.078704833984375,-0.99456787109375
2025-09-17T00:54:26,-0.0160369873046875,-0.078704833984375,-0.990936279296875
2025-09-17T00:54:27,-0.017578125,-0.078704833984375,-0.990936279296875
2025-09-17T00:54:28,-0.017578125,-0.07928466796875,-0.990936279296875
2025-09-17T00:54:29,-0.017578125,-0.07928466796875,-0.9913482666015625
2025-09-17T00:54:30,-0.0178375244140625,-0.07928466796875,-0.9913482666015625
2025-09-17T00:54:31,-0.0178375244140625,-0.077728271484375,-0.9913482666015625
2025-09-17T00:54:32,-0.0178375244140625,-0.077728271484375,-0.9913330078125
2025-09-17T00:54:33,-0.0169830322265625,-0.077728271484375,-0.9913330078125
2025-09-17T00:54:34,-0.0169830322265625,-0.0795440673828125,-0.9913330078125
2025-09-17T00:54:35,-0.0169830322265625,-0.0795440673828125,-0.9916534423828125
2025-09-17T00:54:36,-0.0171661376953125,-0.0795440673828125,-0.9916534423828125
2025-09-17T00:54:37,-0.0171661376953125,-0.0792236328125,-0.9916534423828125
2025-09-17T00:54:38,-0.0171661376953125,-0.0792236328125,-0.991668701171875
2025-09-17T00:54:40,-0.0171051025390625,-0.0792236328125,-0.991668701171875
2025-09-17T00:54:41,-0.0171051025390625,-0.07843017578125,-0.991668701171875
2025-09-17T00:54:42,-0.0171051025390625,-0.07843017578125,-0.9920806884765625
2025-09-17T00:54:43,-0.0163116455078125,-0.07843017578125,-0.9920806884765625
2025-09-17T00:54:44,-0.0163116455078125,-0.0784912109375,-0.9920806884765625
2025-09-17T00:54:45,-0.0163116455078125,-0.0784912109375,-0.992279052734375
2025-09-17T00:54:46,-0.017181396484375,-0.0784912109375,-0.992279052734375
2025-09-17T00:54:47,-0.017181396484375,-0.0789337158203125,-0.992279052734375
2025-09-17T00:54:48,-0.017181396484375,-0.0789337158203125,-0.9924468994140625
2025-09-17T00:54:49,-0.0166778564453125,-0.0789337158203125,-0.9924468994140625
2025-09-17T00:54:50,-0.0166778564453125,-0.079193115234375,-0.9924468994140625
2025-09-17T00:54:51,-0.0166778564453125,-0.079193115234375,-0.993133544921875
2025-09-17T00:54:52,-0.017425537109375,-0.079193115234375,-0.993133544921875
2025-09-17T00:54:53,-0.017425537109375,-0.0790252685546875,-0.993133544921875
2025-09-17T00:54:54,-0.017425537109375,-0.0790252685546875,-0.9956817626953125
2025-09-17T00:54:55,-0.0172271728515625,-0.0790252685546875,-0.9956817626953125
2025-09-17T00:54:56,-0.0172271728515625,-0.0791168212890625,-0.9956817626953125
2025-09-17T00:54:57,-0.0172271728515625,-0.0791168212890625,-0.9916534423828125
2025-09-17T00:54:58,-0.0162811279296875,-0.0791168212890625,-0.9916534423828125
2025-09-17T00:54:59,-0.0162811279296875,-0.0788726806640625,-0.9916534423828125
2025-09-17T00:55:00,-0.0162811279296875,-0.0788726806640625,-0.992401123046875
2025-09-17T00:55:01,-0.016937255859375,-0.0788726806640625,-0.992401123046875
2025-09-17T00:55:02,-0.016937255859375,-0.0778045654296875,-0.992401123046875
2025-09-17T00:55:03,-0.016937255859375,-0.0778045654296875,-0.995513916015625
2025-09-17T00:55:04,-0.016448974609375,-0.0778045654296875,-0.995513916015625
2025-09-17T00:55:05,-0.016448974609375,-0.078521728515625,-0.995513916015625
2025-09-17T00:55:06,-0.016448974609375,-0.078521728515625,-0.9937286376953125
2025-09-17T00:55:07,-0.0161590576171875,-0.078521728515625,-0.9937286376953125
2025-09-17T00:55:08,-0.0161590576171875,-0.077484130859375,-0.9937286376953125
2025-09-17T00:55:09,-0.0161590576171875,-0.077484130859375,-0.992401123046875
2025-09-17T00:55:11,-0.0169525146484375,-0.077484130859375,-0.992401123046875
2025-09-17T00:55:12,-0.0169525146484375,-0.0784149169921875,-0.992401123046875
2025-09-17T00:55:13,-0.0169525146484375,-0.0784149169921875,-0.9916229248046875
2025-09-17T00:55:14,-0.0166473388671875,-0.0784149169921875,-0.9916229248046875
2025-09-17T00:55:15,-0.0166473388671875,-0.077178955078125,-0.9916229248046875
2025-09-17T00:55:16,-0.0166473388671875,-0.077178955078125,-0.9873504638671875
2025-09-17T00:55:17,-0.01654052734375,-0.077178955078125,-0.9873504638671875
2025-09-17T00:55:18,-0.01654052734375,-0.077789306640625,-0.9873504638671875
2025-09-17T00:55:19,-0.01654052734375,-0.077789306640625,-0.9918212890625
2025-09-17T00:55:20,-0.0167388916015625,-0.077789306640625,-0.9918212890625
2025-09-17T00:55:21,-0.0167388916015625,-0.078338623046875,-0.9918212890625
2025-09-17T00:55:22,-0.0167388916015625,-0.078338623046875,-0.9970703125
2025-09-17T00:55:23,-0.01788330078125,-0.078338623046875,-0.9970703125
2025-09-17T00:55:24,-0.01788330078125,-0.0792999267578125,-0.9970703125
2025-09-17T00:55:25,-0.01788330078125,-0.0792999267578125,-0.993011474609375
2025-09-17T00:55:26,-0.0171356201171875,-0.0792999267578125,-0.993011474609375
2025-09-17T00:55:27,-0.0171356201171875,-0.07781982421875,-0.993011474609375
2025-09-17T00:55:28,-0.0171356201171875,-0.07781982421875,-0.9935302734375
2025-09-17T00:55:29,-0.0183563232421875,-0.07781982421875,-0.9935302734375
2025-09-17T00:55:30,-0.0183563232421875,-0.0782623291015625,-0.9935302734375
2025-09-17T00:55:31,-0.0183563232421875,-0.0782623291015625,-0.987548828125
2025-09-17T00:55:32,-0.01617431640625,-0.0782623291015625,-0.987548828125
2025-09-17T00:55:33,-0.01617431640625,-0.0782623291015625,-0.9936370849609375
2025-09-17T00:55:34,-0.01763916015625,-0.0782623291015625,-0.9936370849609375
2025-09-17T00:55:35,-0.01763916015625,-0.08038330078125,-0.9936370849609375
2025-09-17T00:55:36,-0.01763916015625,-0.08038330078125,-0.993133544921875
2025-09-17T00:55:37,-0.017303466796875,-0.08038330078125,-0.993133544921875
2025-09-17T00:55:38,-0.017303466796875,-0.0785980224609375,-0.993133544921875
2025-09-17T00:55:39,-0.017303466796875,-0.0785980224609375,-0.9959869384765625
2025-09-17T00:55:40,-0.0176849365234375,-0.0785980224609375,-0.9959869384765625
2025-09-17T00:55:41,-0.0176849365234375,-0.079315185546875,-0.9959869384765625
2025-09-17T00:55:42,-0.0176849365234375,-0.079315185546875,-0.9921417236328125
2025-09-17T00:55:44,-0.0162200927734375,-0.079315185546875,-0.9921417236328125
2025-09-17T00:55:45,-0.0162200927734375,-0.0789642333984375,-0.9921417236328125
2025-09-17T00:55:46,-0.0162200927734375,-0.0789642333984375,-0.99334716796875
2025-09-17T00:55:47,-0.0160064697265625,-0.0789642333984375,-0.99334716796875
2025-09-17T00:55:48,-0.0160064697265625,-0.0791473388671875,-0.99334716796875
2025-09-17T00:55:49,-0.0160064697265625,-0.0791473388671875,-0.9931793212890625
2025-09-17T00:55:50,-0.017547607421875,-0.0791473388671875,-0.9931793212890625
2025-09-17T00:55:51,-0.017547607421875,-0.0802459716796875,-0.9931793212890625
2025-09-17T00:55:52,-0.017547607421875,-0.0802459716796875,-0.9935455322265625
2025-09-17T00:55:53,-0.017791748046875,-0.0802459716796875,-0.9935455322265625
2025-09-17T00:55:54,-0.017791748046875,-0.079833984375,-0.9935455322265625
2025-09-17T00:55:55,-0.017791748046875,-0.079833984375,-0.9921722412109375
2025-09-17T00:55:56,-0.016510009765625,-0.079833984375,-0.9921722412109375
2025-09-17T00:55:57,-0.016510009765625,-0.0778961181640625,-0.9921722412109375
2025-09-17T00:55:58,-0.016510009765625,-0.0778961181640625,-0.9898834228515625
2025-09-17T00:55:59,-0.0164031982421875,-0.0778961181640625,-0.9898834228515625
2025-09-17T00:56:00,-0.0164031982421875,-0.0800018310546875,-0.9898834228515625
2025-09-17T00:56:01,-0.0164031982421875,-0.0800018310546875,-0.9916839599609375
2025-09-17T00:56:02,-0.017303466796875,-0.0800018310546875,-0.9916839599609375
2025-09-17T00:56:03,-0.017303466796875,-0.079559326171875,-0.9916839599609375
2025-09-17T00:56:04,-0.017303466796875,-0.079559326171875,-0.9887237548828125
2025-09-17T00:56:05,-0.017059326171875,-0.079559326171875,-0.9887237548828125
2025-09-17T00:56:06,-0.017059326171875,-0.079620361328125,-0.9887237548828125
2025-09-17T00:56:07,-0.017059326171875,-0.079620361328125,-0.9922637939453125
2025-09-17T00:56:08,-0.01708984375,-0.079620361328125,-0.9922637939453125
2025-09-17T00:56:09,-0.01708984375,-0.0783538818359375,-0.9922637939453125
2025-09-17T00:56:10,-0.01708984375,-0.0783538818359375,-0.9964752197265625
2025-09-17T00:56:11,-0.0174407958984375,-0.0783538818359375,-0.9964752197265625
2025-09-17T00:56:12,-0.0174407958984375,-0.0797119140625,-0.9964752197265625
2025-09-17T00:56:13,-0.0174407958984375,-0.0797119140625,-0.9941864013671875
